sentiment_state,avg_pnl,win_rate,avg_volume,trade_count
Fear,50.047621894017375,0.41514592406122314,5259.977836723413,133871
Greed,46.50154167080785,0.4045479813323336,6296.186954352126,77353
