sentiment_state,mean_pnl,std_pnl,sharpe_ratio
Fear,50.047621894017375,909.121795680177,0.05505051372849139
Greed,46.50154167080785,936.2929655465726,0.049665589064435973
